{
    "loss": 4.254662036895752,
    "accuracy": 0.5086206793785095
}